{"train_minutes": 1.7517561515172322, "best_val_acc": 0.7766929268836975, "trainable_params": 22920324, "total_params": 22920324}