{"accuracy": [0.5190685391426086, 0.6270671486854553, 0.6601417660713196, 0.6712791323661804, 0.6447519659996033, 0.6500169038772583, 0.6722241044044495, 0.6883563995361328, 0.6998312473297119, 0.7114410996437073, 0.7119811177253723, 0.7192710041999817, 0.697738766670227, 0.6898413896560669, 0.7025986909866333, 0.7034761905670166, 0.7214309573173523, 0.7258859276771545, 0.7164360284805298, 0.7246034145355225], "loss": [2.9443001747131348, 0.8169331550598145, 0.7160571813583374, 0.6998197436332703, 0.77394700050354, 0.7361460328102112, 0.6883165240287781, 0.6632164120674133, 0.6491076946258545, 0.6216199398040771, 0.6146431565284729, 0.6007696986198425, 0.6442326307296753, 0.6413941979408264, 0.6292396187782288, 0.6101078391075134, 0.5872073173522949, 0.5858882665634155, 0.59359210729599, 0.5734308958053589], "val_accuracy": [0.6466141939163208, 0.6916535496711731, 0.6548031568527222, 0.6951181292533875, 0.6737008094787598, 0.7344881892204285, 0.7206299304962158, 0.7294487953186035, 0.7672441005706787, 0.7366929054260254, 0.7599999904632568, 0.7546456456184387, 0.6998425126075745, 0.69385826587677, 0.7398425340652466, 0.7634645700454712, 0.7744882106781006, 0.7341732382774353, 0.7763779759407043, 0.7766929268836975], "val_loss": [0.9059998393058777, 0.7558296918869019, 0.8236231803894043, 0.8099764585494995, 0.776386559009552, 0.6814073920249939, 0.7060440182685852, 0.6913437247276306, 0.598677396774292, 0.6737459897994995, 0.6100342273712158, 0.6152513027191162, 0.7940647006034851, 0.7336783409118652, 0.6706315279006958, 0.6086193323135376, 0.5866470336914062, 0.6734797358512878, 0.5970508456230164, 0.5993727445602417]}