{"train_minutes": 31.11721355120341, "best_val_acc": 0.8705511689186096, "trainable_params": 22523012, "total_params": 22523012}