{"train_minutes": 11.406382922331492, "best_val_acc": 0.8592125773429871, "trainable_params": 22523012, "total_params": 22523012}