{"train_minutes": 9.39049643278122, "best_val_acc": 0.8714960813522339, "trainable_params": 365892, "total_params": 365892}