{"accuracy": [0.32460343837738037, 0.5192710161209106, 0.5722578763961792, 0.5946675539016724, 0.6253122091293335, 0.6464394330978394, 0.6674991846084595, 0.6829564571380615, 0.6990212798118591, 0.7032061815261841, 0.7187985181808472, 0.7264934182167053, 0.734660804271698, 0.7479581236839294, 0.75855553150177, 0.7647654414176941, 0.7645629644393921, 0.7759702801704407, 0.7797502279281616, 0.7842726707458496, 0.7898076176643372, 0.7981775403022766, 0.8012824654579163, 0.801889955997467, 0.8045899271965027, 0.8043874502182007, 0.814512312412262, 0.820722222328186, 0.819574773311615, 0.8233547210693359, 0.8236922025680542, 0.8267971873283386, 0.828619658946991, 0.8350995779037476, 0.8374620079994202, 0.8426594734191895, 0.8396894931793213, 0.8442794680595398, 0.8447519540786743, 0.848194420337677, 0.8472493886947632, 0.8482618927955627, 0.8483294248580933, 0.8535943031311035, 0.8546743392944336, 0.8600742220878601, 0.8584542870521545, 0.8589942455291748, 0.8589267730712891, 0.8618967533111572, 0.8652041554450989, 0.8645966649055481, 0.8662166595458984, 0.8688491582870483, 0.866284191608429, 0.8692541122436523, 0.8693891167640686], "loss": [1.2432737350463867, 0.9752655625343323, 0.8768740892410278, 0.8289678692817688, 0.7677395343780518, 0.7269600033760071, 0.6881210803985596, 0.6627402305603027, 0.6350733637809753, 0.6177148818969727, 0.5895479917526245, 0.5742111802101135, 0.5460152626037598, 0.5313209295272827, 0.513801634311676, 0.5068025588989258, 0.4907226860523224, 0.4723223149776459, 0.4663524329662323, 0.46042677760124207, 0.44775816798210144, 0.4296688437461853, 0.42637327313423157, 0.4159511923789978, 0.40733447670936584, 0.40788206458091736, 0.39879029989242554, 0.3814627230167389, 0.3806561231613159, 0.37608322501182556, 0.37059375643730164, 0.3664119243621826, 0.35846656560897827, 0.3508449196815491, 0.3433190882205963, 0.3350302278995514, 0.34052467346191406, 0.33229026198387146, 0.3272968828678131, 0.32450413703918457, 0.32038673758506775, 0.32201987504959106, 0.315860390663147, 0.30644741654396057, 0.3053588271141052, 0.2993396818637848, 0.29933270812034607, 0.299243301153183, 0.30068159103393555, 0.28968825936317444, 0.29349780082702637, 0.28699856996536255, 0.2875598073005676, 0.2758542001247406, 0.2761162519454956, 0.2766880989074707, 0.275552362203598], "val_accuracy": [0.5269291400909424, 0.6466141939163208, 0.6752755641937256, 0.6403149366378784, 0.6614173054695129, 0.6711810827255249, 0.7114960551261902, 0.7363779544830322, 0.733228325843811, 0.76031494140625, 0.7530708909034729, 0.7637795209884644, 0.7845669388771057, 0.7751181125640869, 0.7984251976013184, 0.8031495809555054, 0.7899212837219238, 0.8078740239143372, 0.8226771950721741, 0.8314960598945618, 0.8327559232711792, 0.815118134021759, 0.8170078992843628, 0.8204724192619324, 0.8009448647499084, 0.837165355682373, 0.7996850609779358, 0.8362204432487488, 0.8103936910629272, 0.8305512070655823, 0.8377952575683594, 0.7788976430892944, 0.829606294631958, 0.8418897390365601, 0.8557480573654175, 0.8475590348243713, 0.8529133796691895, 0.8582677245140076, 0.8330708742141724, 0.8529133796691895, 0.8548031449317932, 0.8450393676757812, 0.8409448862075806, 0.8611023426055908, 0.8604724407196045, 0.8314960598945618, 0.8592125773429871, 0.8560630083084106, 0.8450393676757812, 0.8714960813522339, 0.842204749584198, 0.8655118346214294, 0.8683464527130127, 0.8661417365074158, 0.8661417365074158, 0.8576378226280212, 0.83937007188797], "val_loss": [1.0734933614730835, 0.8738842010498047, 0.7931256890296936, 0.8374887108802795, 0.7943456172943115, 0.8168905973434448, 0.6964600682258606, 0.6605570316314697, 0.6582345962524414, 0.6053910255432129, 0.6422090530395508, 0.6007313132286072, 0.5602551698684692, 0.5832162499427795, 0.5328853726387024, 0.5182592868804932, 0.5433098673820496, 0.5209454894065857, 0.46508336067199707, 0.45199406147003174, 0.430019348859787, 0.47337448596954346, 0.47530269622802734, 0.46392232179641724, 0.5324478149414062, 0.42624038457870483, 0.5021954774856567, 0.42052850127220154, 0.48632577061653137, 0.4484807252883911, 0.43172308802604675, 0.5476062297821045, 0.45677903294563293, 0.43309247493743896, 0.3745450973510742, 0.39593473076820374, 0.3900260627269745, 0.37416979670524597, 0.43785393238067627, 0.3983171284198761, 0.3946147859096527, 0.41196703910827637, 0.4228519797325134, 0.37885990738868713, 0.37077024579048157, 0.45840927958488464, 0.37728872895240784, 0.3785477578639984, 0.391490638256073, 0.32864442467689514, 0.4048270583152771, 0.3693563640117645, 0.35799962282180786, 0.356344610452652, 0.35212329030036926, 0.39217299222946167, 0.4155645966529846]}