{"accuracy": [0.6037124395370483, 0.6837664246559143, 0.7240634560585022, 0.7480931282043457, 0.7671954035758972, 0.782112717628479, 0.7879851460456848, 0.7985824942588806, 0.805264949798584, 0.8118798732757568, 0.8103948831558228, 0.8178197741508484, 0.8180897831916809, 0.8277421593666077, 0.8238946795463562, 0.8302395939826965, 0.8344245553016663, 0.8419169783592224, 0.8373945355415344, 0.8372595310211182, 0.8409720063209534, 0.8430644869804382, 0.8415794968605042, 0.8459669351577759, 0.8475193977355957, 0.8520418405532837, 0.8517043590545654, 0.8558217883110046, 0.8510968685150146, 0.8539993166923523, 0.8525143265724182, 0.8582517504692078, 0.8557543158531189, 0.8592642545700073, 0.8582517504692078, 0.8591292500495911, 0.8613567352294922, 0.862166702747345, 0.8597367405891418, 0.8620992302894592], "loss": [1.0427955389022827, 0.8626218438148499, 0.7851843237876892, 0.7419333457946777, 0.7344082593917847, 0.6832017302513123, 0.6749172210693359, 0.649128258228302, 0.6508476734161377, 0.6220666766166687, 0.6324666738510132, 0.6117293834686279, 0.6114100217819214, 0.5991488099098206, 0.6051821708679199, 0.6016170382499695, 0.5844067335128784, 0.5800650119781494, 0.5931379795074463, 0.5829450488090515, 0.5767090916633606, 0.5710052251815796, 0.5716453194618225, 0.5685223937034607, 0.567387044429779, 0.5655505061149597, 0.5608636140823364, 0.5567383170127869, 0.5684781074523926, 0.5547484755516052, 0.5719326734542847, 0.5500729084014893, 0.5541020631790161, 0.555344820022583, 0.5527323484420776, 0.5630348920822144, 0.5610821843147278, 0.5441860556602478, 0.5530304312705994, 0.5676973462104797], "val_accuracy": [0.7083464860916138, 0.7571653723716736, 0.7886614203453064, 0.8166928887367249, 0.7420472502708435, 0.8170078992843628, 0.8103936910629272, 0.8245669007301331, 0.8374803066253662, 0.8330708742141724, 0.8085039258003235, 0.8274015784263611, 0.8444094657897949, 0.8116535544395447, 0.7870866060256958, 0.8456692695617676, 0.846929132938385, 0.85196852684021, 0.8056693077087402, 0.8352755904197693, 0.8453543186187744, 0.832440972328186, 0.851653516292572, 0.8513385653495789, 0.8544881939888, 0.8425197005271912, 0.8645669221878052, 0.8588976263999939, 0.8548031449317932, 0.8088188767433167, 0.8696063160896301, 0.8639370203018188, 0.851653516292572, 0.8626771569252014, 0.8670865893363953, 0.8626771569252014, 0.8494488000869751, 0.8705511689186096, 0.8655118346214294, 0.8588976263999939], "val_loss": [0.9479777216911316, 0.8256207704544067, 0.7563619613647461, 0.709437370300293, 0.8622982501983643, 0.70669025182724, 0.7443116307258606, 0.7029356956481934, 0.6624457240104675, 0.6800280809402466, 0.7385718822479248, 0.682301938533783, 0.6392660140991211, 0.7321491241455078, 0.7912213802337646, 0.691169023513794, 0.6514875292778015, 0.6488330960273743, 0.7884843349456787, 0.6841769218444824, 0.6722570657730103, 0.6908145546913147, 0.6728799343109131, 0.6458868384361267, 0.6466594934463501, 0.6872702240943909, 0.626194179058075, 0.6413004994392395, 0.6466394662857056, 0.8135268688201904, 0.6193940043449402, 0.6309618949890137, 0.6466264128684998, 0.6602869033813477, 0.6296262741088867, 0.6221446990966797, 0.6808474063873291, 0.6277303099632263, 0.6223096251487732, 0.6584306359291077]}