{"accuracy": [0.7135335803031921, 0.833547055721283, 0.8903138637542725, 0.9248059391975403, 0.9465406537055969, 0.9553155303001404, 0.9703003764152527, 0.9728653430938721, 0.981370210647583, 0.9801552295684814, 0.9861626625061035, 0.9883226752281189, 0.9845426678657532, 0.9875126481056213, 0.9928451180458069], "loss": [0.5998529195785522, 0.34425196051597595, 0.21956534683704376, 0.1481441855430603, 0.09804429858922958, 0.0959736704826355, 0.06938836723566055, 0.06183967366814613, 0.046232547610998154, 0.04969888553023338, 0.031079689040780067, 0.03329070657491684, 0.04556813836097717, 0.03305884823203087, 0.017370223999023438], "val_accuracy": [0.8078740239143372, 0.8270866274833679, 0.8472440838813782, 0.8233070969581604, 0.8472440838813782, 0.8525984287261963, 0.8557480573654175, 0.8251968622207642, 0.8107086420059204, 0.787401556968689, 0.8447244167327881, 0.8365354537963867, 0.8412598371505737, 0.8472440838813782, 0.8592125773429871], "val_loss": [0.5012719631195068, 0.4573872983455658, 0.45157352089881897, 0.5306822061538696, 0.6810071468353271, 0.8686193823814392, 1.0023151636123657, 1.1239233016967773, 1.3439587354660034, 1.3337596654891968, 1.2573680877685547, 1.5434072017669678, 1.080234169960022, 1.333683729171753, 1.1373286247253418]}