{"train_minutes": 11.869333100318908, "best_val_acc": 0.9234645962715149, "trainable_params": 164484, "total_params": 4214055}