{"accuracy": [0.7797502279281616, 0.8425244688987732, 0.8600067496299744, 0.8704690933227539, 0.8831589818000793, 0.8845764398574829, 0.8908538818359375, 0.8948363065719604, 0.8986162543296814, 0.8988862633705139, 0.9057036638259888, 0.9072561860084534, 0.9095511436462402, 0.9102261066436768, 0.9156935811042786, 0.9144785404205322, 0.9147485494613647, 0.9173810482025146, 0.9189335107803345, 0.9210259914398193, 0.9245359301567078, 0.9233884811401367, 0.9275059103965759, 0.9291259050369263, 0.9263584017753601, 0.9287208914756775, 0.928045928478241, 0.9306783676147461, 0.9324333667755127, 0.933918297290802, 0.9328383207321167, 0.9319608211517334, 0.9354032874107361, 0.9358083009719849, 0.9349308013916016, 0.9400607347488403, 0.9361457824707031, 0.9378332495689392, 0.9391157627105713, 0.9408707618713379], "loss": [0.4626304507255554, 0.32451915740966797, 0.2866500914096832, 0.2601334750652313, 0.24452470242977142, 0.22777774930000305, 0.22261951863765717, 0.2106267213821411, 0.20373867452144623, 0.2030595988035202, 0.1898091435432434, 0.18467772006988525, 0.17803961038589478, 0.1774814873933792, 0.16614826023578644, 0.16956910490989685, 0.16436877846717834, 0.16302764415740967, 0.1578938066959381, 0.15624375641345978, 0.14632539451122284, 0.14943231642246246, 0.14622816443443298, 0.14024418592453003, 0.14344339072704315, 0.13833950459957123, 0.14242100715637207, 0.13626371324062347, 0.13134580850601196, 0.12786252796649933, 0.13067291676998138, 0.12952518463134766, 0.12449722737073898, 0.12622353434562683, 0.12682798504829407, 0.11978793144226074, 0.1248968094587326, 0.11644387245178223, 0.1184987872838974, 0.11361837387084961], "val_accuracy": [0.8299212455749512, 0.8481889963150024, 0.871811032295227, 0.8796850442886353, 0.8834645748138428, 0.903622031211853, 0.8866141438484192, 0.886299192905426, 0.8799999952316284, 0.9108661413192749, 0.8922834396362305, 0.8954330682754517, 0.9061417579650879, 0.8970078825950623, 0.9074015617370605, 0.9127559065818787, 0.9127559065818787, 0.9152755737304688, 0.9108661413192749, 0.9155905246734619, 0.9184252023696899, 0.9130708575248718, 0.92094486951828, 0.9168503880500793, 0.9118109941482544, 0.9074015617370605, 0.9190551042556763, 0.9140157699584961, 0.9171653389930725, 0.9174802899360657, 0.9168503880500793, 0.9181102514266968, 0.916220486164093, 0.9137007594108582, 0.9165354371070862, 0.9149606227874756, 0.9184252023696899, 0.9234645962715149, 0.9143307209014893, 0.9190551042556763], "val_loss": [0.44952377676963806, 0.40145838260650635, 0.3435667157173157, 0.32645130157470703, 0.31531742215156555, 0.2670726776123047, 0.31166309118270874, 0.30686283111572266, 0.3167022466659546, 0.25634437799453735, 0.28911447525024414, 0.2999325692653656, 0.26133203506469727, 0.28585126996040344, 0.2554073631763458, 0.26180964708328247, 0.24588832259178162, 0.24405544996261597, 0.25915437936782837, 0.2316773235797882, 0.24627850949764252, 0.2502434551715851, 0.2384568154811859, 0.24310217797756195, 0.2621179223060608, 0.26976722478866577, 0.2531285881996155, 0.25236615538597107, 0.2516933083534241, 0.2596883773803711, 0.2595565915107727, 0.2547823190689087, 0.2571643888950348, 0.2604478597640991, 0.26266756653785706, 0.2683386504650116, 0.2605586647987366, 0.24766235053539276, 0.26501208543777466, 0.25679370760917664]}