{"fold_val_accs": [0.7694903612136841, 0.8187647461891174, 0.8528518676757812, 0.8359770774841309, 0.8494768738746643], "fold_histories": [{"accuracy": [0.2947181761264801, 0.49586567282676697, 0.5614242553710938, 0.5754303336143494, 0.5944988131523132, 0.6113736033439636, 0.6280796527862549, 0.6500169038772583, 0.6651198267936707, 0.6813195943832397, 0.6906850934028625, 0.6974350214004517, 0.7156597971916199, 0.7203847169876099, 0.7284002900123596, 0.7363314032554626, 0.7392845153808594, 0.7477219104766846, 0.7455281615257263, 0.7604623436927795, 0.7618967294692993, 0.7683091163635254, 0.7659466862678528], "loss": [1.2733196020126343, 1.0169694423675537, 0.9215479493141174, 0.867958128452301, 0.8140283823013306, 0.7759108543395996, 0.7458460927009583, 0.7222408652305603, 0.6882233023643494, 0.6624413728713989, 0.6488689184188843, 0.6327019929885864, 0.5901623368263245, 0.582431435585022, 0.5717861652374268, 0.5561239123344421, 0.5476641654968262, 0.532950758934021, 0.5334833264350891, 0.5021272301673889, 0.5106438994407654, 0.49461230635643005, 0.48360908031463623], "val_accuracy": [0.5234559774398804, 0.597367525100708, 0.615254819393158, 0.6581167578697205, 0.6574417948722839, 0.65912926197052, 0.6712791323661804, 0.6807289719581604, 0.6766790151596069, 0.6952413320541382, 0.6905163526535034, 0.7040162086486816, 0.7266284227371216, 0.7205535173416138, 0.740128219127655, 0.7694903612136841, 0.7198784947395325, 0.7374283075332642, 0.758015513420105, 0.7030037045478821, 0.7657779455184937, 0.7644279599189758, 0.7647654414176941], "val_loss": [1.0375559329986572, 0.9473289251327515, 0.8817039132118225, 0.8263675570487976, 0.7911342978477478, 0.8128712773323059, 0.7925590872764587, 0.7810409665107727, 0.7881273031234741, 0.7632651925086975, 0.7887022495269775, 0.7461712956428528, 0.7192084789276123, 0.755647599697113, 0.6893848776817322, 0.6037143468856812, 0.7028360962867737, 0.6854168772697449, 0.6529718041419983, 0.7647748589515686, 0.6191667914390564, 0.6344358921051025, 0.6282099485397339]}, {"accuracy": [0.29758691787719727, 0.5048936605453491, 0.5735740661621094, 0.5888457894325256, 0.6015862226486206, 0.6079986691474915, 0.6304421424865723, 0.6441106796264648, 0.651113748550415, 0.6709415912628174, 0.6858757734298706, 0.6938913464546204, 0.7079817652702332, 0.7132129669189453, 0.728990912437439, 0.7363314032554626, 0.7441781759262085, 0.7442625761032104, 0.7537968158721924, 0.7542186975479126, 0.7624029517173767, 0.7716841101646423, 0.7773371338844299, 0.7771683931350708, 0.7863651514053345, 0.7908369898796082, 0.7910057306289673, 0.7974181771278381, 0.7969962954521179, 0.8097367286682129, 0.803493082523346, 0.8072055578231812], "loss": [1.2866908311843872, 1.000995397567749, 0.893227219581604, 0.8438857793807983, 0.8115324378013611, 0.7888644337654114, 0.7516310214996338, 0.7302030324935913, 0.7109612226486206, 0.6744564175605774, 0.6531037092208862, 0.6373146176338196, 0.6143036484718323, 0.5992466807365417, 0.5842141509056091, 0.5619927048683167, 0.546608567237854, 0.5451679229736328, 0.5161772966384888, 0.5161529779434204, 0.5018435120582581, 0.49316877126693726, 0.48042601346969604, 0.4693656265735626, 0.46131405234336853, 0.4449123442173004, 0.4459679126739502, 0.4331972897052765, 0.4388076663017273, 0.41008150577545166, 0.41460949182510376, 0.4062441885471344], "val_accuracy": [0.4856564402580261, 0.5727303624153137, 0.5717178583145142, 0.5879176259040833, 0.6334795951843262, 0.6263921856880188, 0.612217366695404, 0.673641562461853, 0.5966925621032715, 0.6800540089607239, 0.6209922432899475, 0.7006412148475647, 0.733715832233429, 0.7279784083366394, 0.7006412148475647, 0.7755653262138367, 0.7904151082038879, 0.7748903036117554, 0.7802902460098267, 0.785690188407898, 0.763077974319458, 0.7887276411056519, 0.7948025465011597, 0.7674654126167297, 0.8187647461891174, 0.7843402028083801, 0.8012149930000305, 0.7907525897026062, 0.8126898407936096, 0.8164023160934448, 0.8180897831916809, 0.795477569103241], "val_loss": [1.1418389081954956, 1.020871877670288, 1.0115050077438354, 0.9492424726486206, 0.8397766947746277, 0.865129828453064, 0.9328395128250122, 0.7618956565856934, 0.9316253066062927, 0.7819688320159912, 0.9276436567306519, 0.7469176054000854, 0.6949511766433716, 0.6900748610496521, 0.7531257271766663, 0.5786085724830627, 0.570116400718689, 0.5761293768882751, 0.5756711363792419, 0.57164466381073, 0.6478089690208435, 0.556203305721283, 0.5538368225097656, 0.6069586277008057, 0.4766830503940582, 0.5364296436309814, 0.5133715867996216, 0.5603393316268921, 0.49215689301490784, 0.47748079895973206, 0.4805681109428406, 0.5422613620758057]}, {"accuracy": [0.28847452998161316, 0.4721565842628479, 0.5567836761474609, 0.5757678151130676, 0.5906175971031189, 0.6073236465454102, 0.6258015632629395, 0.636263906955719, 0.6554167866706848, 0.67701655626297, 0.6894195079803467, 0.6931319832801819, 0.7024974822998047, 0.7107661366462708, 0.719203531742096, 0.7305939793586731, 0.7371751666069031, 0.7386094927787781, 0.7525312304496765, 0.7579311728477478, 0.7611373662948608, 0.7706716060638428, 0.7724434733390808, 0.7797840237617493, 0.7831589579582214, 0.7834964394569397, 0.7839183211326599, 0.7864495515823364, 0.7882214188575745, 0.795477569103241, 0.7995275259017944, 0.7979243993759155, 0.809989869594574, 0.8096523880958557, 0.8172460198402405, 0.816486656665802, 0.8083024024963379, 0.81353360414505, 0.8213803768157959, 0.8221397399902344, 0.8226459622383118], "loss": [1.2627447843551636, 1.042819857597351, 0.9259337782859802, 0.8654447197914124, 0.8306307792663574, 0.7899661660194397, 0.7541353702545166, 0.7367422580718994, 0.7008411288261414, 0.6649701595306396, 0.648526668548584, 0.6332447528839111, 0.6195550560951233, 0.5937892198562622, 0.5760818123817444, 0.5640904307365417, 0.5469412207603455, 0.5410801768302917, 0.5140959024429321, 0.5093331933021545, 0.4957684874534607, 0.4888395369052887, 0.4781564176082611, 0.471905916929245, 0.46271631121635437, 0.45174288749694824, 0.4560903310775757, 0.4499501883983612, 0.4395400881767273, 0.43030622601509094, 0.42248600721359253, 0.42155641317367554, 0.40201517939567566, 0.4019011855125427, 0.3922732174396515, 0.39141613245010376, 0.40064072608947754, 0.39441433548927307, 0.3715205192565918, 0.3801119923591614, 0.3720196783542633], "val_accuracy": [0.4957813024520874, 0.6112048625946045, 0.6176173090934753, 0.634492039680481, 0.607154905796051, 0.639554500579834, 0.6301046013832092, 0.6709415912628174, 0.7100911140441895, 0.6449544429779053, 0.6854539513587952, 0.6989537477493286, 0.7455281615257263, 0.748228132724762, 0.7809652090072632, 0.7752277851104736, 0.782652735710144, 0.8039149641990662, 0.8039149641990662, 0.8106648921966553, 0.8045899271965027, 0.819777250289917, 0.8177523016929626, 0.8164023160934448, 0.7937901020050049, 0.8224772214889526, 0.8272021412849426, 0.8332771062850952, 0.8282146453857422, 0.8035774827003479, 0.8234897255897522, 0.8153898119926453, 0.8400269746780396, 0.8528518676757812, 0.8420519828796387, 0.8201147317886353, 0.8332771062850952, 0.8201147317886353, 0.8423894643783569, 0.8106648921966553, 0.8410394787788391],