{"train_minutes": 6.821923577785492, "best_val_acc": 0.8878740072250366, "trainable_params": 164484, "total_params": 2422468}