{"accuracy": [0.7730003595352173, 0.8275396823883057, 0.8498143553733826, 0.8609517216682434, 0.8686466217041016, 0.8747890591621399, 0.8794465065002441, 0.8872089385986328, 0.8881539106369019, 0.8952413201332092, 0.8992912769317627, 0.9038811922073364, 0.9006412625312805, 0.9095511436462402, 0.9105636477470398, 0.9102261066436768, 0.9171110391616821, 0.914883553981781, 0.9178535342216492, 0.9230509400367737], "loss": [0.5144003033638, 0.38463619351387024, 0.3304073214530945, 0.3079319894313812, 0.2781893014907837, 0.2644279897212982, 0.2553161084651947, 0.23596380650997162, 0.2326565831899643, 0.21563120186328888, 0.21252205967903137, 0.19792906939983368, 0.20248720049858093, 0.18338817358016968, 0.18619032204151154, 0.1789819896221161, 0.16726742684841156, 0.17182192206382751, 0.1641400009393692, 0.1565663367509842], "val_accuracy": [0.8242519497871399, 0.846929132938385, 0.8629921078681946, 0.846929132938385, 0.8727558851242065, 0.8828346729278564, 0.874015748500824, 0.8790551424026489, 0.8670865893363953, 0.8793700933456421, 0.8771653771400452, 0.8803149461746216, 0.8812598586082458, 0.8535432815551758, 0.8768503665924072, 0.8796850442886353, 0.8878740072250366, 0.8866141438484192, 0.886299192905426, 0.8762204647064209], "val_loss": [0.4335365891456604, 0.3881966173648834, 0.36822545528411865, 0.3959674835205078, 0.33400872349739075, 0.32453587651252747, 0.3320000171661377, 0.3365246653556824, 0.36525583267211914, 0.34258797764778137, 0.32653146982192993, 0.3423011898994446, 0.33672037720680237, 0.42695149779319763, 0.37102067470550537, 0.3864295482635498, 0.35207170248031616, 0.3555561304092407, 0.3524785339832306, 0.3874247670173645]}