{"train_minutes": 30.838748780091606, "best_val_acc": 0.9414173364639282, "trainable_params": 197892, "total_params": 197892}