{"accuracy": [0.573067843914032, 0.844076931476593, 0.8900438547134399, 0.9104286432266235, 0.919203519821167, 0.928248405456543, 0.9318933486938477, 0.9378332495689392, 0.9397232532501221, 0.9432331919670105, 0.9426932334899902, 0.9467431902885437, 0.9492406249046326, 0.9495106339454651, 0.9528180956840515, 0.9511306285858154, 0.9533580541610718, 0.9540330767631531, 0.9551130533218384, 0.9597705006599426], "loss": [1.2650796175003052, 0.7896196842193604, 0.6583276987075806, 0.5978720188140869, 0.5595593452453613, 0.5226007103919983, 0.5023499727249146, 0.4775563180446625, 0.4590565860271454, 0.4408141076564789, 0.4252643883228302, 0.40912964940071106, 0.39376088976860046, 0.3831031322479248, 0.36582502722740173, 0.3559029698371887, 0.3424234092235565, 0.33072298765182495, 0.3199094831943512, 0.3064427673816681], "val_accuracy": [0.8573228120803833, 0.9048818945884705, 0.9140157699584961, 0.9212598204612732, 0.9272440671920776, 0.9313386082649231, 0.9294488430023193, 0.9325984120368958, 0.9357480406761169, 0.9344881772994995, 0.9363779425621033, 0.9357480406761169, 0.9366928935050964, 0.9370078444480896, 0.9373228549957275, 0.938267707824707, 0.9376378059387207, 0.9395275712013245, 0.9407873749732971, 0.9414173364639282], "val_loss": [0.9405369758605957, 0.7257404923439026, 0.6456767320632935, 0.6027824282646179, 0.5709717273712158, 0.5453229546546936, 0.530726969242096, 0.5115169286727905, 0.49471357464790344, 0.4829801321029663, 0.4669218957424164, 0.4556724429130554, 0.44448548555374146, 0.43304678797721863, 0.42276591062545776, 0.4102128744125366, 0.4012293815612793, 0.3906582295894623, 0.3820290267467499, 0.37289538979530334]}